{"calais": {"Latitude": 50.9532, "Longitude": 1.85366}, "caen": {"Latitude": 49.18434, "Longitude": -0.36118}, "brest": {"Latitude": 48.4216025, "Longitude": -4.5943593}, "rennes": {"Latitude": 48.10804, "Longitude": -1.68449}, "paris": {"Latitude": 48.85718, "Longitude": 2.34141}, "nancy": {"Latitude": 48.68955, "Longitude": 6.18336}, "strasbourg": {"Latitude": 48.58504, "Longitude": 7.73643}, "nantes": {"Latitude": 47.21812, "Longitude": -1.55306}, "dijon": {"Latitude": 47.32699, "Longitude": 5.043}, "limoges": {"Latitude": 45.8288, "Longitude": 1.26195}, "lyon": {"Latitude": 45.75917, "Longitude": 4.82966}, "grenoble": {"Latitude": 45.19401, "Longitude": 5.73202}, "bordeaux": {"Latitude": 44.8637834, "Longitude": -0.6211604}, "toulouse": {"Latitude": 43.60579, "Longitude": 1.44864}, "montpellier": {"Latitude": 43.61087, "Longitude": 3.87613}, "avignon": {"Latitude": 43.95355, "Longitude": 4.80647}, "marseille": {"Latitude": 43.29338, "Longitude": 5.37132}, "nice": {"Latitude": 43.70029, "Longitude": 7.27766}, "moulins": {"Latitude": 46.56613, "Longitude": 3.33286}}